replica,campaign_id,job_id,n_side,dimension,rtol,backend,baseline,n_pairs,paired_ratio_median,paired_ratio_q1,paired_ratio_q3,paired_ratio_iqr
rep1,cpu2d_toms_balanced_v082_leja80_20260904a,2203999,64,4096,1e-07,leja,kiops,12,1.2532600484816534,1.251347526688191,1.254749253681862,0.003401726993671028
rep1,cpu2d_toms_balanced_v082_leja80_20260904a,2203999,64,4096,1e-07,hybrid,kiops,12,1.0741779930436612,1.0732081955209822,1.0751930126438733,0.0019848171228911138
rep1,cpu2d_toms_balanced_v082_leja80_20260904a,2203999,64,4096,1e-07,auto,kiops,12,1.2831195243392974,1.2822505927737213,1.2839486827508226,0.0016980899771013025
rep1,cpu2d_toms_balanced_v082_leja80_20260904a,2203999,64,4096,1e-05,leja,kiops,12,1.2831172767546404,1.2796849599269646,1.2893188351721128,0.009633875245148138
rep1,cpu2d_toms_balanced_v082_leja80_20260904a,2203999,64,4096,1e-05,hybrid,kiops,12,1.1148262946329397,1.1088674032376387,1.1187590338845392,0.009891630646900573
rep1,cpu2d_toms_balanced_v082_leja80_20260904a,2203999,64,4096,1e-05,auto,kiops,12,1.3210572726357832,1.3184907237345238,1.3236740377832619,0.0051833140487380636
rep1,cpu2d_toms_balanced_v082_leja80_20260904a,2203999,128,16384,1e-07,leja,kiops,12,1.080189985180633,1.077967274596962,1.0811265616593602,0.0031592870623982083
rep1,cpu2d_toms_balanced_v082_leja80_20260904a,2203999,128,16384,1e-07,hybrid,kiops,12,1.044226557311735,1.0429377667134587,1.0479384170683734,0.005000650354914704
rep1,cpu2d_toms_balanced_v082_leja80_20260904a,2203999,128,16384,1e-07,auto,kiops,12,1.0981057755227397,1.0929512755426412,1.099268969423493,0.0063176938808517935
rep1,cpu2d_toms_balanced_v082_leja80_20260904a,2203999,128,16384,1e-05,leja,kiops,12,1.1115139189575378,1.108744888410666,1.1128573004222033,0.004112412011537225
rep1,cpu2d_toms_balanced_v082_leja80_20260904a,2203999,128,16384,1e-05,hybrid,kiops,12,1.1055356030855341,1.1019165825499213,1.1064446111618473,0.004528028611926027
rep1,cpu2d_toms_balanced_v082_leja80_20260904a,2203999,128,16384,1e-05,auto,kiops,12,1.1297816470222455,1.12551369863091,1.1325224916170884,0.007008792986178403
rep1,cpu2d_toms_balanced_v082_leja80_20260904a,2203999,256,65536,1e-07,leja,kiops,12,1.4661821591496458,1.4603642106985015,1.4678216030722946,0.007457392373793059
rep1,cpu2d_toms_balanced_v082_leja80_20260904a,2203999,256,65536,1e-07,hybrid,kiops,12,1.2474907933794739,1.2408442041745524,1.2493691609687243,0.008524956794171867
rep1,cpu2d_toms_balanced_v082_leja80_20260904a,2203999,256,65536,1e-07,auto,kiops,12,1.4836967216800883,1.479692507825455,1.4895752426564857,0.009882734831030637
rep1,cpu2d_toms_balanced_v082_leja80_20260904a,2203999,256,65536,1e-05,leja,kiops,12,1.4503946515337993,1.4461726547969058,1.4551993244939356,0.00902666969702981
rep1,cpu2d_toms_balanced_v082_leja80_20260904a,2203999,256,65536,1e-05,hybrid,kiops,12,1.3633175003040914,1.3611439420800258,1.3683768631681525,0.007232921088126787
rep1,cpu2d_toms_balanced_v082_leja80_20260904a,2203999,256,65536,1e-05,auto,kiops,12,1.459553238907259,1.455528526192677,1.4665118228235965,0.01098329663091957
rep2,cpu2d_toms_balanced_v082_leja80_rep2_20260904b,2206865,64,4096,1e-07,leja,kiops,12,1.3044624564865703,1.2996096021592995,1.309303523446944,0.009693921287644347
rep2,cpu2d_toms_balanced_v082_leja80_rep2_20260904b,2206865,64,4096,1e-07,hybrid,kiops,12,1.124297009434946,1.1205082357651173,1.1285922568666598,0.008084021101542493
rep2,cpu2d_toms_balanced_v082_leja80_rep2_20260904b,2206865,64,4096,1e-07,auto,kiops,12,1.3317145661606284,1.3237393780772375,1.341621904272435,0.01788252619519759
rep2,cpu2d_toms_balanced_v082_leja80_rep2_20260904b,2206865,64,4096,1e-05,leja,kiops,12,1.3326770762488431,1.3246247706462215,1.3368121125760295,0.012187341929807971
rep2,cpu2d_toms_balanced_v082_leja80_rep2_20260904b,2206865,64,4096,1e-05,hybrid,kiops,12,1.1699311827556311,1.1608059694029853,1.1775282781813354,0.016722308778350126
rep2,cpu2d_toms_balanced_v082_leja80_rep2_20260904b,2206865,64,4096,1e-05,auto,kiops,12,1.37418222228058,1.3641644331678227,1.3816711659738,0.017506732805977254
rep2,cpu2d_toms_balanced_v082_leja80_rep2_20260904b,2206865,128,16384,1e-07,leja,kiops,12,1.1240185685986424,1.1204254999851426,1.126202903800063,0.005777403814920312
rep2,cpu2d_toms_balanced_v082_leja80_rep2_20260904b,2206865,128,16384,1e-07,hybrid,kiops,12,1.0824270560143159,1.0789428491297282,1.0878092693049404,0.00886642017521222
rep2,cpu2d_toms_balanced_v082_leja80_rep2_20260904b,2206865,128,16384,1e-07,auto,kiops,12,1.1406083671930833,1.1380468029738027,1.144022236600855,0.005975433627052329
rep2,cpu2d_toms_balanced_v082_leja80_rep2_20260904b,2206865,128,16384,1e-05,leja,kiops,12,1.1522551335452906,1.1467474269704754,1.160770793919348,0.014023366948872518
rep2,cpu2d_toms_balanced_v082_leja80_rep2_20260904b,2206865,128,16384,1e-05,hybrid,kiops,12,1.152928493340586,1.1494672115342988,1.15827414078395,0.008806929249651319
rep2,cpu2d_toms_balanced_v082_leja80_rep2_20260904b,2206865,128,16384,1e-05,auto,kiops,12,1.1704194765947586,1.166804461169612,1.1779759954038362,0.011171534234224234
rep2,cpu2d_toms_balanced_v082_leja80_rep2_20260904b,2206865,256,65536,1e-07,leja,kiops,12,1.4238280716286114,1.4061485054336356,1.4288489269727527,0.02270042153911711
rep2,cpu2d_toms_balanced_v082_leja80_rep2_20260904b,2206865,256,65536,1e-07,hybrid,kiops,12,1.2814905633878264,1.2721028551064752,1.2859075926255659,0.013804737519090615
rep2,cpu2d_toms_balanced_v082_leja80_rep2_20260904b,2206865,256,65536,1e-07,auto,kiops,12,1.4456527408029365,1.4185949260907575,1.4520093305421236,0.03341440445136601
rep2,cpu2d_toms_balanced_v082_leja80_rep2_20260904b,2206865,256,65536,1e-05,leja,kiops,12,1.405903379151086,1.4009621389944609,1.4073933662600553,0.006431227265594419
rep2,cpu2d_toms_balanced_v082_leja80_rep2_20260904b,2206865,256,65536,1e-05,hybrid,kiops,12,1.4359459301346749,1.4279337037757847,1.443382470492317,0.015448766716532392
rep2,cpu2d_toms_balanced_v082_leja80_rep2_20260904b,2206865,256,65536,1e-05,auto,kiops,12,1.4184395301505701,1.4113464647987484,1.4205423741099357,0.0091959093111873
rep3,cpu2d_toms_balanced_v082_leja80_rep3_20260904c,2207024,64,4096,1e-07,leja,kiops,12,1.3176269019879334,1.3089184670447815,1.332387541373613,0.023469074328831496
rep3,cpu2d_toms_balanced_v082_leja80_rep3_20260904c,2207024,64,4096,1e-07,hybrid,kiops,12,1.1161688560508203,1.10362152058334,1.122712202005197,0.019090681421856992
rep3,cpu2d_toms_balanced_v082_leja80_rep3_20260904c,2207024,64,4096,1e-07,auto,kiops,12,1.3504005578086202,1.3478892671785019,1.3642904353771745,0.016401168198672655
rep3,cpu2d_toms_balanced_v082_leja80_rep3_20260904c,2207024,64,4096,1e-05,leja,kiops,12,1.3460930675713425,1.333895860815304,1.3587191046923828,0.024823243877078793
rep3,cpu2d_toms_balanced_v082_leja80_rep3_20260904c,2207024,64,4096,1e-05,hybrid,kiops,12,1.1534727341192754,1.1439223185538585,1.1742409488836936,0.03031863032983506
rep3,cpu2d_toms_balanced_v082_leja80_rep3_20260904c,2207024,64,4096,1e-05,auto,kiops,12,1.3911539939071693,1.3780322927437363,1.4011107254321937,0.02307843268845744
rep3,cpu2d_toms_balanced_v082_leja80_rep3_20260904c,2207024,128,16384,1e-07,leja,kiops,12,1.131516821983539,1.1279781573965781,1.1374488976485686,0.009470740251990462
rep3,cpu2d_toms_balanced_v082_leja80_rep3_20260904c,2207024,128,16384,1e-07,hybrid,kiops,12,1.082961076501245,1.0802405969546625,1.0847574191547207,0.004516822200058224
rep3,cpu2d_toms_balanced_v082_leja80_rep3_20260904c,2207024,128,16384,1e-07,auto,kiops,12,1.1476378633120135,1.1423752293867504,1.155195903982393,0.012820674595642512
rep3,cpu2d_toms_balanced_v082_leja80_rep3_20260904c,2207024,128,16384,1e-05,leja,kiops,12,1.1603281571331499,1.1530685469406627,1.1672477467639415,0.014179199823278754
rep3,cpu2d_toms_balanced_v082_leja80_rep3_20260904c,2207024,128,16384,1e-05,hybrid,kiops,12,1.1498158206703346,1.145621076924276,1.1579135743088553,0.01229249738457927
rep3,cpu2d_toms_balanced_v082_leja80_rep3_20260904c,2207024,128,16384,1e-05,auto,kiops,12,1.1771928580637563,1.1734609579052868,1.1900165971233883,0.016555639218101437
rep3,cpu2d_toms_balanced_v082_leja80_rep3_20260904c,2207024,256,65536,1e-07,leja,kiops,12,1.4354604244678808,1.4250636941803896,1.4444444558469447,0.019380761666555113
rep3,cpu2d_toms_balanced_v082_leja80_rep3_20260904c,2207024,256,65536,1e-07,hybrid,kiops,12,1.2794020921399714,1.270319994808625,1.2865045905441137,0.016184595735488694
rep3,cpu2d_toms_balanced_v082_leja80_rep3_20260904c,2207024,256,65536,1e-07,auto,kiops,12,1.4473473491244475,1.4400688154884178,1.4540744736892393,0.014005658200821447
rep3,cpu2d_toms_balanced_v082_leja80_rep3_20260904c,2207024,256,65536,1e-05,leja,kiops,12,1.4275149423019204,1.423411879399774,1.4380727964009412,0.014660917001167117
rep3,cpu2d_toms_balanced_v082_leja80_rep3_20260904c,2207024,256,65536,1e-05,hybrid,kiops,12,1.4397133052536697,1.4232571137864198,1.4468017697896185,0.02354465600319866
rep3,cpu2d_toms_balanced_v082_leja80_rep3_20260904c,2207024,256,65536,1e-05,auto,kiops,12,1.4396916735822856,1.4314728527460068,1.4469228560866252,0.015450003340618412
